MEAS_DT,BURST_ID,EQP_CD,N,VIB-AGT_RMS,VIB-AGT_STD,VIB-AGT_PTP,VIB-AGT_ABSMAX,VIB-AGT_P95,VIB-AGT_KUR,VIB-AGT_SKW,VIB-AGT_CRF
2024-01-20 00:00:00.000,A24-0001,P1-SP1-AGT01,1024,1.941249,1.94025,6.533203,3.304688,3.005859,-1.542922,0.013965,1.702351
2024-01-20 23:51:19.518,A24-0002,P1-SP2-AGT01,1024,1.889993,1.889932,6.679688,3.345703,3.01084,-1.46932,0.016075,1.77022
2024-01-21 23:42:39.036,A24-0003,P1-SP1-AGT01,1024,1.914879,1.914404,6.626953,3.322266,3.0,-1.518693,-0.024163,1.734974
2024-01-22 23:33:58.554,A24-0004,P1-SP2-AGT01,1024,1.9023,1.9023,6.421875,3.246094,3.0,-1.485108,0.064156,1.706405
2024-01-23 23:25:18.072,A24-0005,P1-SP1-AGT01,1024,0.171497,0.044574,0.190625,0.292187,0.263633,0.40105,-1.346774,1.70375
2024-01-24 23:16:37.590,A24-0006,P1-SP2-AGT01,1024,1.948575,1.948239,6.380859,3.205078,3.011719,-1.556348,0.011727,1.644831
2024-01-25 23:07:57.108,A24-0007,P1-SP1-AGT01,1024,1.912612,1.912445,6.486328,3.287109,3.023438,-1.487401,0.016308,1.718649
2024-01-26 22:59:16.627,A24-0008,P1-SP2-AGT01,1024,1.945457,1.943215,6.369141,3.210938,3.017578,-1.568999,0.02509,1.65048
2024-01-27 22:50:36.145,A24-0009,P1-SP1-AGT01,1024,1.913457,1.913285,6.433594,3.234375,3.011719,-1.543513,0.003565,1.690331
2024-01-28 22:41:55.663,A24-0010,P1-SP2-AGT01,1024,1.907905,1.90677,6.568359,3.380859,3.0,-1.527388,0.040929,1.772027
2024-01-29 22:33:15.181,A24-0011,P1-SP1-AGT01,1024,1.870133,1.869943,6.439453,3.263672,3.005859,-1.467127,-0.018592,1.745155
2024-01-30 22:24:34.699,A24-0012,P1-SP2-AGT01,1024,1.916313,1.915582,6.392578,3.246094,3.0,-1.535119,0.00205,1.693926
2024-01-31 22:15:54.217,A24-0013,P1-SP1-AGT01,1024,1.937224,1.937208,6.433594,3.222656,3.011719,-1.538993,-0.021554,1.663543
2024-02-01 22:07:13.735,A24-0014,P1-SP2-AGT01,1024,1.92989,1.929753,6.457031,3.28125,3.005859,-1.530223,-0.007637,1.700227
2024-02-02 21:58:33.253,A24-0015,P1-SP1-AGT01,1024,1.964439,1.96352,6.515625,3.263672,3.011719,-1.567605,-0.00949,1.661376
2024-02-03 21:49:52.771,A24-0016,P1-SP2-AGT01,1024,1.955083,1.955082,6.398438,3.216797,3.011719,-1.550576,0.062448,1.64535
2024-02-04 21:41:12.289,A24-0017,P1-SP1-AGT01,1024,1.881865,1.879906,6.433594,3.257812,3.0,-1.510439,0.029084,1.731161
2024-02-05 21:32:31.807,A24-0018,P1-SP2-AGT01,1024,1.911997,1.911982,6.732422,3.527344,3.005859,-1.520745,0.042332,1.844848
2024-02-07 21:15:10.843,A24-0020,P1-SP2-AGT01,1024,1.874755,1.873166,6.445312,3.251953,3.0,-1.47823,0.048727,1.734601
2024-02-08 21:06:30.361,A24-0021,P1-SP1-AGT01,1024,0.171077,0.042242,0.203906,0.305469,0.252344,0.567959,-1.360251,1.785562
2024-02-09 20:57:49.880,A24-0022,P1-SP2-AGT01,1024,1.948723,1.948074,6.609375,3.457031,3.017578,-1.536686,0.021075,1.773998
2024-02-10 20:49:09.398,A24-0023,P1-SP1-AGT01,1024,1.896582,1.895655,6.609375,3.316406,3.0,-1.505082,0.007587,1.748623
2024-02-11 20:40:28.916,A24-0024,P1-SP2-AGT01,1024,1.928818,1.928778,6.416016,3.216797,3.01084,-1.552335,0.008213,1.667756
2024-02-12 20:31:48.434,A24-0025,P1-SP1-AGT01,1024,1.913272,1.913004,6.427734,3.28125,3.005859,-1.511909,-0.031413,1.714994
2024-02-13 20:23:07.952,A24-0026,P1-SP2-AGT01,1024,1.886375,1.885447,6.662109,3.351562,3.01084,-1.492972,0.027962,1.776721
2024-02-14 20:14:27.470,A24-0027,P1-SP1-AGT01,1024,1.910341,1.909351,6.421875,3.240234,3.005859,-1.516075,0.04312,1.696155
2024-02-15 20:05:46.988,A24-0028,P1-SP2-AGT01,1024,1.910624,1.909027,6.673828,3.457031,3.016699,-1.486257,0.037121,1.809372
2024-02-16 19:57:06.506,A24-0029,P1-SP1-AGT01,1024,1.890947,1.890711,6.427734,3.257812,3.005859,-1.499237,-0.008263,1.722847
2024-02-17 19:48:26.024,A24-0030,P1-SP2-AGT01,1024,1.881807,1.881735,6.498047,3.28125,3.011719,-1.495662,0.003012,1.74367
2024-02-18 19:39:45.542,A24-0031,P1-SP1-AGT01,1024,1.937419,1.937208,6.503906,3.263672,3.005859,-1.545669,-0.012675,1.684546
2024-02-19 19:31:05.060,A24-0032,P1-SP2-AGT01,1024,1.884734,1.884661,6.615234,3.398438,3.0,-1.491007,0.034398,1.803139
2024-02-20 19:22:24.578,A24-0033,P1-SP1-AGT01,1024,1.908437,1.908412,6.375,3.216797,3.0,-1.532904,0.024915,1.685566
2024-02-21 19:13:44.096,A24-0034,P1-SP2-AGT01,1024,1.938152,1.937714,6.380859,3.240234,3.011719,-1.551449,0.011703,1.671817
2024-02-22 19:05:03.614,A24-0035,P1-SP1-AGT01,1024,1.921926,1.920618,6.503906,3.263672,3.01582,-1.526619,0.045764,1.698126
2024-02-23 18:56:23.133,A24-0036,P1-SP2-AGT01,1024,1.932721,1.932714,6.427734,3.234375,3.011719,-1.523039,0.020715,1.673483
2024-02-24 18:47:42.651,A24-0037,P1-SP1-AGT01,1024,1.941771,1.941369,6.298828,3.175781,3.017578,-1.559214,-0.006174,1.635507
2024-02-25 18:39:02.169,A24-0038,P1-SP2-AGT01,1024,0.172127,0.044523,0.190625,0.292187,0.265625,0.340015,-1.338604,1.697513
2024-02-26 18:30:21.687,A24-0039,P1-SP1-AGT01,1024,1.915014,1.91498,6.298828,3.1875,3.0,-1.555848,0.037705,1.664479
2024-02-27 18:21:41.205,A24-0040,P1-SP2-AGT01,1024,1.94883,1.947818,6.404297,3.246094,3.023438,-1.559524,0.004715,1.665663
2024-02-28 18:13:00.723,A24-0041,P1-SP1-AGT01,1024,1.900349,1.899671,6.316406,3.181641,3.0,-1.538527,0.041838,1.67424
2024-03-01 17:55:39.759,A24-0043,P1-SP1-AGT01,1024,1.897384,1.895718,6.509766,3.263672,3.00498,-1.498813,0.072362,1.72009
2024-03-02 17:46:59.277,A24-0044,P1-SP2-AGT01,1024,1.928601,1.928581,6.503906,3.269531,3.0,-1.548581,0.011438,1.695286
2024-03-03 17:38:18.795,A24-0045,P1-SP1-AGT01,1024,1.940971,1.940968,6.345703,3.1875,3.028418,-1.553003,0.044233,1.642219
2024-03-04 17:29:38.313,A24-0046,P1-SP2-AGT01,1024,1.932456,1.931025,6.521484,3.28125,3.041016,-1.526918,-0.000858,1.697969
2024-03-05 17:20:57.831,A24-0047,P1-SP1-AGT01,1024,1.885297,1.884161,6.375,3.199219,3.0,-1.496626,-0.023746,1.696931
2024-03-06 17:12:17.349,A24-0048,P1-SP2-AGT01,1024,1.931027,1.929255,6.515625,3.322266,3.011719,-1.519934,0.055212,1.720465
2024-03-07 17:03:36.867,A24-0049,P1-SP1-AGT01,1024,1.911194,1.910658,6.691406,3.451172,3.0,-1.526051,-0.00687,1.805767
2024-03-08 16:54:56.386,A24-0050,P1-SP2-AGT01,1024,1.898213,1.898067,6.521484,3.287109,3.00498,-1.50423,0.007586,1.731687
2024-03-09 16:46:15.904,A24-0051,P1-SP1-AGT01,1024,1.923892,1.922816,6.527344,3.333984,3.0,-1.545558,0.051608,1.732938
2024-03-10 16:37:35.422,A24-0052,P1-SP2-AGT01,1024,1.882585,1.881665,6.421875,3.246094,3.0,-1.516097,-0.007465,1.724275
2024-03-11 16:28:54.940,A24-0053,P1-SP1-AGT01,1024,1.952577,1.952239,6.392578,3.210938,3.005859,-1.563815,0.022249,1.644461
2024-03-12 16:20:14.458,A24-0054,P1-SP2-AGT01,1024,1.93351,1.931409,6.873047,3.527344,3.016699,-1.509217,0.067376,1.824322
2024-03-13 16:11:33.976,A24-0055,P1-SP1-AGT01,1024,0.171544,0.044509,0.196094,0.305469,0.265625,0.449425,-1.365501,1.780701
2024-03-14 16:02:53.494,A24-0056,P1-SP2-AGT01,2048,2.961756,2.960891,12.785156,6.410156,4.346094,-1.13943,0.025646,2.16431
2024-03-15 15:54:13.012,A24-0057,P1-SP1-AGT01,2048,2.852854,2.852103,12.527344,6.351562,4.25,-1.124471,0.027982,2.226389
2024-03-16 15:45:32.530,A24-0058,P1-SP2-AGT01,2048,2.852507,2.851137,12.714844,6.433594,4.239453,-1.119588,0.043414,2.255417
2024-03-17 15:36:52.048,A24-0059,P1-SP1-AGT01,2048,2.951119,2.95041,12.808594,6.515625,4.30332,-1.192474,0.023853,2.207849
2024-03-18 15:28:11.566,A24-0060,P1-SP2-AGT01,2048,2.858916,2.857942,12.433594,6.222656,4.261523,-1.11186,0.019454,2.176579
2024-03-19 15:19:31.084,A24-0061,P1-SP1-AGT01,2048,2.871763,2.87079,12.761719,6.398438,4.200391,-1.162418,0.027884,2.228052
2024-03-20 15:10:50.602,A24-0062,P1-SP2-AGT01,2048,2.829414,2.82843,12.621094,6.316406,4.226562,-1.101322,0.033302,2.232408
2024-03-21 15:02:10.120,A24-0063,P1-SP1-AGT01,2048,2.891746,2.890451,12.984375,6.574219,4.252539,-1.100699,0.049886,2.273442
2024-03-22 14:53:29.639,A24-0064,P1-SP2-AGT01,2048,2.88293,2.881566,12.75,6.433594,4.324219,-1.099349,0.028161,2.231616
2024-03-23 14:44:49.157,A24-0065,P1-SP1-AGT01,2048,2.829323,2.827382,12.609375,6.375,4.229102,-1.123569,0.015378,2.253189
2024-03-25 14:27:28.193,A24-0067,P1-SP1-AGT01,1024,3.153755,3.153666,13.066406,6.679688,5.715234,-1.119218,-0.015235,2.118011
2024-03-26 14:18:47.711,A24-0068,P1-SP2-AGT01,1024,3.066886,3.065636,12.972656,6.492188,5.589844,-1.077406,0.052112,2.116866
2024-03-27 14:10:07.229,A24-0069,P1-SP1-AGT01,1024,3.005635,3.003777,12.832031,6.421875,5.453906,-1.029608,0.002158,2.136612
2024-03-28 14:01:26.747,A24-0070,P1-SP2-AGT01,1024,3.100516,3.098127,12.785156,6.445312,5.777344,-1.046861,0.033665,2.078787
2024-03-29 13:52:46.265,A24-0071,P1-SP1-AGT01,1024,0.172327,0.043436,0.209375,0.31875,0.252344,0.45162,-1.345599,1.849686
2024-03-30 13:44:05.783,A24-0072,P1-SP2-AGT01,1024,2.896427,2.894883,12.597656,6.304688,4.973437,-1.001486,0.012335,2.176712
2024-03-31 13:35:25.301,A24-0073,P1-SP1-AGT01,1024,3.044501,3.043771,12.597656,6.316406,5.524219,-1.058365,-0.004793,2.074694
2024-04-01 13:26:44.819,A24-0074,P1-SP2-AGT01,1024,2.974519,2.972296,12.902344,6.503906,5.435742,-1.039184,0.020502,2.18654
2024-04-02 13:18:04.337,A24-0075,P1-SP1-AGT01,1024,3.037015,3.034091,12.738281,6.375,5.703516,-0.999312,0.047547,2.099101
2024-04-03 13:09:23.855,A24-0076,P1-SP2-AGT01,1024,3.09162,3.090065,12.738281,6.375,5.588086,-1.05737,0.037359,2.062026
2024-04-04 13:00:43.373,A24-0077,P1-SP1-AGT01,1024,3.059856,3.057695,12.902344,6.5625,5.716992,-1.012165,0.016424,2.144709
2024-04-05 12:52:02.892,A24-0078,P1-SP2-AGT01,1024,2.912561,2.909636,12.890625,6.585938,5.196094,-0.948155,0.010858,2.261218
2024-04-06 12:43:22.410,A24-0079,P1-SP1-AGT01,1024,2.950349,2.947978,12.738281,6.398438,5.367188,-0.955643,0.059701,2.168705
2024-04-07 12:34:41.928,A24-0080,P1-SP2-AGT01,1024,2.985724,2.982801,13.113281,6.585938,5.666602,-0.95508,-0.024283,2.205809
2024-04-08 12:26:01.446,A24-0081,P1-SP1-AGT01,1024,3.040344,3.039011,12.761719,6.445312,5.670117,-0.999614,0.075093,2.119929
2024-04-09 12:17:20.964,A24-0082,P1-SP2-AGT01,1024,3.062538,3.061676,12.714844,6.386719,5.690039,-1.066161,-0.008359,2.085434
2024-04-10 12:08:40.482,A24-0083,P1-SP1-AGT01,1024,3.186855,3.186572,13.089844,6.5625,5.777344,-1.147469,0.028439,2.05924
2024-04-11 12:00:00.000,A24-0084,P1-SP2-AGT01,1024,3.036963,3.034523,12.773438,6.433594,5.463867,-1.069534,0.025011,2.11843
2024-04-12 11:51:19.518,A24-0085,P1-SP1-AGT01,1024,2.988072,2.986019,12.785156,6.433594,5.450391,-1.014801,0.003041,2.153092
2024-04-13 11:42:39.036,A24-0086,P1-SP2-AGT01,1024,3.083031,3.08239,12.820312,6.515625,5.750391,-1.03804,0.002908,2.113383
2024-04-20 11:25:18.072,A24-0088,P1-SP2-AGT01,1024,0.173044,0.044696,0.203906,0.305469,0.265625,0.463079,-1.354462,1.765264
2024-04-21 11:16:37.590,A24-0089,P1-SP1-AGT01,1024,3.105377,3.103641,12.75,6.398438,5.676562,-1.104552,0.012923,2.060438
2024-04-22 11:07:57.108,A24-0090,P1-SP2-AGT01,1024,3.123617,3.122714,12.691406,6.363281,5.555859,-1.148453,0.030812,2.037152
2024-04-23 10:59:16.626,A24-0091,P1-SP1-AGT01,1024,2.901474,2.899289,12.480469,6.363281,5.23125,-0.982679,0.004208,2.193121
2024-04-24 10:50:36.145,A24-0092,P1-SP2-AGT01,1024,3.061512,3.057705,12.773438,6.46875,5.634961,-1.041077,0.025785,2.112927
2024-04-25 10:41:55.663,A24-0093,P1-SP1-AGT01,1024,2.963665,2.962474,12.679688,6.386719,5.398828,-0.984253,0.026912,2.155007
2024-04-26 10:33:15.181,A24-0094,P1-SP2-AGT01,1024,3.005749,3.004214,12.679688,6.339844,5.525977,-1.053604,-0.019621,2.109239
2024-04-27 10:24:34.699,A24-0095,P1-SP1-AGT01,1024,3.109946,3.107779,12.761719,6.421875,5.680078,-1.108456,0.040414,2.064947
2024-04-28 10:15:54.217,A24-0096,P1-SP2-AGT01,1024,3.127022,3.124995,12.738281,6.410156,5.707031,-1.129823,0.028667,2.049923
2024-04-29 10:07:13.735,A24-0097,P1-SP1-AGT01,1024,2.993541,2.990834,12.914062,6.46875,5.390625,-0.981626,0.055477,2.160902
2024-04-30 09:58:33.253,A24-0098,P1-SP2-AGT01,1024,3.059554,3.058889,12.738281,6.398438,5.701758,-1.044913,0.020963,2.091298
2024-05-01 09:49:52.771,A24-0099,P1-SP1-AGT01,1024,3.188482,3.187114,12.878906,6.574219,5.8125,-1.134676,0.030527,2.061865
2024-05-02 09:41:12.289,A24-0100,P1-SP2-AGT01,1024,3.092677,3.091546,12.585938,6.328125,5.664844,-1.112932,0.007817,2.046164
2024-05-03 09:32:31.807,A24-0101,P1-SP1-AGT01,1024,3.046898,3.046218,12.867188,6.574219,5.803711,-0.992195,0.016671,2.157676
2024-05-04 09:23:51.325,A24-0102,P1-SP2-AGT01,1024,3.106489,3.104557,12.808594,6.445312,5.636719,-1.094977,-0.002108,2.07479
2024-05-05 09:15:10.843,A24-0103,P1-SP1-AGT01,1024,3.115609,3.113798,12.84375,6.421875,5.83418,-1.05527,0.004321,2.061194
2024-05-06 09:06:30.361,A24-0104,P1-SP2-AGT01,1024,0.173108,0.045025,0.196094,0.305469,0.265625,0.385241,-1.340332,1.764612
2024-05-07 08:57:49.879,A24-0105,P1-SP1-AGT01,1024,3.000912,2.999697,12.632812,6.316406,5.420508,-1.035168,0.041543,2.104829
2024-05-08 08:49:09.398,A24-0106,P1-SP2-AGT01,1024,2.969637,2.968805,12.949219,6.539062,5.517773,-0.971327,0.029336,2.201974
2024-05-09 08:40:28.916,A24-0107,P1-SP1-AGT01,1024,3.202368,3.202004,12.621094,6.339844,5.738672,-1.166879,-0.023786,1.979736
2024-05-11 08:23:07.952,A24-0109,P1-SP1-AGT01,1024,3.072478,3.070909,14.396875,7.198437,5.558867,-0.860903,-0.020477,2.342877
2024-05-12 08:14:27.470,A24-0110,P1-SP2-AGT01,1024,3.20748,3.206649,14.649219,7.4375,6.385625,-0.778499,-0.023629,2.318799
2024-05-13 08:05:46.988,A24-0111,P1-SP1-AGT01,1024,3.287594,3.287041,14.476562,7.357812,6.365039,-0.902982,-0.03025,2.238054
2024-05-14 07:57:06.506,A24-0112,P1-SP2-AGT01,1024,3.376295,3.374167,14.529687,7.264844,6.5875,-0.902674,-0.01461,2.151721
2024-05-15 07:48:26.024,A24-0113,P1-SP1-AGT01,1024,3.164227,3.162912,14.675781,7.503906,6.150547,-0.75036,-0.016798,2.371482
2024-05-16 07:39:45.542,A24-0114,P1-SP2-AGT01,1024,3.194529,3.193396,14.34375,7.225,6.475273,-0.779709,-0.065157,2.26168
2024-05-17 07:31:05.060,A24-0115,P1-SP1-AGT01,1024,3.054677,3.053996,14.503125,7.4375,5.991172,-0.662972,0.024598,2.434791
2024-05-18 07:22:24.578,A24-0116,P1-SP2-AGT01,1024,3.300081,3.299695,14.55625,7.371094,6.556953,-0.84771,-0.034896,2.23361
2024-05-19 07:13:44.096,A24-0117,P1-SP1-AGT01,1024,3.128504,3.123924,14.489844,7.264844,6.331172,-0.621869,-0.034721,2.322146
2024-05-20 07:05:03.614,A24-0118,P1-SP2-AGT01,1024,3.212062,3.210262,14.410156,7.264844,6.519102,-0.775774,0.051579,2.261738
2024-05-21 06:56:23.132,A24-0119,P1-SP1-AGT01,1024,3.127912,3.124452,14.45,7.238281,6.236211,-0.699789,0.012171,2.314093
2024-05-22 06:47:42.651,A24-0120,P1-SP2-AGT01,1024,3.144236,3.140683,14.569531,7.4375,6.200352,-0.748249,-0.001222,2.36544
2024-05-23 06:39:02.169,A24-0121,P1-SP1-AGT01,1024,0.172694,0.043477,0.182812,0.292187,0.265625,0.338761,-1.316306,1.691942
2024-05-24 06:30:21.687,A24-0122,P1-SP2-AGT01,1024,3.027077,3.024553,14.2375,7.171875,6.001133,-0.689161,-0.038742,2.369241
2024-05-25 06:21:41.205,A24-0123,P1-SP1-AGT01,1024,3.146203,3.144703,14.689062,7.357812,6.333164,-0.727713,0.040681,2.338633
2024-05-26 06:13:00.723,A24-0124,P1-SP2-AGT01,1024,3.13302,3.132627,14.596094,7.344531,5.894883,-0.849446,-0.023195,2.344234
2024-05-27 06:04:20.241,A24-0125,P1-SP1-AGT01,1024,3.1428,3.142345,14.476562,7.304688,6.036992,-0.824876,0.052784,2.324261
2024-05-28 05:55:39.759,A24-0126,P1-SP2-AGT01,1024,3.146345,3.14416,14.529687,7.357812,6.361719,-0.714153,0.023175,2.338527
2024-05-29 05:46:59.277,A24-0127,P1-SP1-AGT01,1024,3.081318,3.077822,14.317187,7.171875,5.9075,-0.76624,-0.006469,2.327535
2024-05-30 05:38:18.795,A24-0128,P1-SP2-AGT01,1024,3.250101,3.248832,14.303906,7.171875,6.262773,-0.897482,0.021097,2.206662
2024-05-31 05:29:38.313,A24-0129,P1-SP1-AGT01,1024,2.843956,2.838729,14.357031,7.371094,5.219531,-0.519016,0.003543,2.591845
2024-06-01 05:20:57.831,A24-0130,P1-SP2-AGT01,1024,2.556046,2.552532,14.436719,7.251562,4.733437,-0.230769,-0.066724,2.837024
2024-06-03 05:03:36.867,A24-0132,P1-SP2-AGT01,1024,2.420681,2.416407,14.13125,7.11875,4.329453,-0.192907,-0.113282,2.940805
2024-06-04 04:54:56.386,A24-0133,P1-SP1-AGT01,1024,2.365663,2.359926,13.985156,7.039062,4.311094,-0.162113,-0.15656,2.975514
2024-06-05 04:46:15.904,A24-0134,P1-SP2-AGT01,1024,2.616089,2.610774,14.436719,7.304688,4.816445,-0.310584,-0.129489,2.792217
2024-06-06 04:37:35.422,A24-0135,P1-SP1-AGT01,1024,2.516849,2.512266,14.489844,7.357812,4.78457,-0.10401,-0.07948,2.923423
2024-06-07 04:28:54.940,A24-0136,P1-SP2-AGT01,1024,2.541545,2.539857,14.503125,7.291406,4.473789,-0.270478,-0.103954,2.868887
2024-06-08 04:20:14.458,A24-0137,P1-SP1-AGT01,1024,2.599953,2.595163,14.55625,7.384375,4.892812,-0.403608,-0.077839,2.840195
2024-06-09 04:11:33.976,A24-0138,P1-SP2-AGT01,1024,0.173802,0.044719,0.203906,0.305469,0.265625,0.311585,-1.306202,1.757566
2024-06-10 04:02:53.494,A24-0139,P1-SP1-AGT01,1024,2.56094,2.55924,14.34375,7.185156,4.742734,-0.173681,-0.015935,2.805671
2024-06-11 03:54:13.012,A24-0140,P1-SP2-AGT01,1024,2.604816,2.60032,14.6625,7.464062,4.898789,-0.388472,-0.103255,2.865485
2024-06-12 03:45:32.530,A24-0141,P1-SP1-AGT01,1024,2.478003,2.475141,13.985156,7.132031,4.277734,-0.482439,-0.069559,2.878136
2024-06-13 03:36:52.048,A24-0142,P1-SP2-AGT01,1024,2.578652,2.575951,14.224219,7.132031,4.712852,-0.24298,0.032134,2.765799
2024-06-14 03:28:11.566,A24-0143,P1-SP1-AGT01,1024,2.591007,2.586619,14.104688,7.065625,4.551484,-0.447377,-0.066965,2.72698
2024-06-15 03:19:31.084,A24-0144,P1-SP2-AGT01,1024,2.544595,2.542078,14.264063,7.145313,4.536211,-0.335986,0.057049,2.808036
2024-06-16 03:10:50.602,A24-0145,P1-SP1-AGT01,1024,2.685119,2.68143,14.383594,7.251562,5.175703,-0.392474,-0.032397,2.700649
2024-06-17 03:02:10.120,A24-0146,P1-SP2-AGT01,1024,2.652727,2.650944,14.250781,7.264844,4.8875,-0.36005,-0.109499,2.738632
2024-06-18 02:53:29.639,A24-0147,P1-SP1-AGT01,1024,2.637615,2.632261,14.171094,7.105469,4.843672,-0.499885,-0.038001,2.693899
2024-06-19 02:44:49.157,A24-0148,P1-SP2-AGT01,1024,2.772419,2.769901,14.13125,7.185156,5.005039,-0.606228,-0.043857,2.591656
2024-06-20 02:36:08.675,A24-0149,P1-SP1-AGT01,1024,2.609479,2.606391,14.609375,7.384375,4.407383,-0.43587,-0.124425,2.829827
2024-06-21 02:27:28.193,A24-0150,P1-SP2-AGT01,1024,2.690403,2.689144,14.423437,7.317969,5.005039,-0.361184,-0.036214,2.720027
2024-06-22 02:18:47.711,A24-0151,P1-SP1-AGT01,1024,2.720192,2.718959,14.290625,7.171875,5.190977,-0.493111,-0.037334,2.636532
2024-06-23 02:10:07.229,A24-0152,P1-SP2-AGT01,1024,2.499787,2.494601,14.569531,7.317969,4.688281,0.013032,0.001336,2.927437
2024-06-24 02:01:26.747,A24-0153,P1-SP1-AGT01,1024,2.481172,2.476837,14.171094,7.092187,4.412695,-0.245292,-0.105879,2.858402
2024-06-25 01:52:46.265,A24-0154,P1-SP2-AGT01,1024,0.172941,0.044466,0.196094,0.305469,0.265625,0.459698,-1.367174,1.766321
2024-06-27 01:35:25.301,A24-0156,P1-SP2-AGT01,1024,2.698469,2.695189,13.958594,7.0125,5.137187,-0.442273,-0.028617,2.598696
2024-06-28 01:26:44.819,A24-0157,P1-SP1-AGT01,1024,2.53482,2.532091,14.357031,7.264844,4.540195,-0.313524,-0.030372,2.86602
2024-06-29 01:18:04.337,A24-0158,P1-SP2-AGT01,1024,2.460696,2.455592,14.210938,7.158594,4.686289,-0.167303,0.0251,2.909175
2024-06-30 01:09:23.855,A24-0159,P1-SP1-AGT01,1024,2.457079,2.454325,14.370313,7.304688,4.325937,-0.131527,-0.058213,2.972915
2024-07-01 01:00:43.373,A24-0160,P1-SP2-AGT01,1024,2.504381,2.500323,14.582812,7.344531,4.460508,-0.193134,-0.071106,2.932674
2024-07-02 00:52:02.892,A24-0161,P1-SP1-AGT01,1024,2.515164,2.511558,14.171094,7.171875,4.648438,-0.300276,-0.060447,2.851454
2024-07-03 00:43:22.410,A24-0162,P1-SP2-AGT01,1024,2.47297,2.47086,14.503125,7.384375,4.308789,-0.311165,-0.037171,2.986035
2024-07-04 00:34:41.928,A24-0163,P1-SP1-AGT01,1024,2.567927,2.563357,13.799219,7.025781,4.657734,-0.415344,-0.150295,2.735974
2024-07-05 00:26:01.446,A24-0164,P1-SP2-AGT01,1024,2.718578,2.713233,14.370313,7.211719,5.162422,-0.406841,-0.117972,2.652754
2024-07-06 00:17:20.964,A24-0165,P1-SP1-AGT01,1024,2.633738,2.632238,14.104688,7.092187,4.771289,-0.438081,-0.063771,2.692822
2024-07-07 00:08:40.482,A24-0166,P1-SP2-AGT01,1024,2.753791,2.751897,13.892187,7.092187,5.241445,-0.572597,-0.108312,2.575426
2024-07-08 00:00:00.000,A24-0167,P1-SP1-AGT01,1024,2.629517,2.625736,14.396875,7.251562,4.872227,-0.424738,-0.060102,2.757754
2024-07-08 23:51:19.518,A24-0168,P1-SP2-AGT01,1024,2.881134,2.877217,14.649219,7.371094,5.534297,-0.57183,-0.097988,2.558401
2024-07-09 23:42:39.036,A24-0169,P1-SP1-AGT01,1024,2.685264,2.683397,14.078125,7.065625,4.815117,-0.498338,-0.093731,2.631259
2024-07-10 23:33:58.554,A24-0170,P1-SP2-AGT01,1024,2.700863,2.699026,14.503125,7.317969,4.84168,-0.563174,-0.088819,2.709492
2024-07-11 23:25:18.072,A24-0171,P1-SP1-AGT01,1024,0.17325,0.042715,0.196094,0.305469,0.265625,0.487864,-1.368342,1.763169
2024-07-12 23:16:37.590,A24-0172,P1-SP2-AGT01,1024,2.611169,2.608114,14.117969,7.132031,4.651758,-0.371873,-0.042164,2.731356
2024-07-13 23:07:57.108,A24-0173,P1-SP1-AGT01,1024,2.74838,2.747222,14.423437,7.291406,5.109297,-0.434761,-0.050664,2.652984
2024-07-14 22:59:16.626,A24-0174,P1-SP2-AGT01,1024,2.582236,2.579525,14.357031,7.198437,4.845664,-0.258079,-0.018441,2.787676
2024-07-15 22:50:36.145,A24-0175,P1-SP1-AGT01,1024,2.572189,2.567671,14.45,7.317969,4.947266,-0.229445,-0.092897,2.845035
2024-07-16 22:41:55.663,A24-0176,P1-SP2-AGT01,1024,2.539113,2.534585,14.264063,7.145313,4.431953,-0.455584,-0.082236,2.814097
2024-07-17 22:33:15.181,A24-0177,P1-SP1-AGT01,1024,2.651127,2.649929,14.383594,7.264844,4.943945,-0.471183,-0.045584,2.740285
2024-07-18 22:24:34.699,A24-0178,P1-SP2-AGT01,1024,2.565709,2.561372,14.290625,7.291406,4.420664,-0.323227,-0.103859,2.841868
2024-07-20 22:07:13.735,A24-0180,P1-SP2-AGT01,1024,2.837254,2.83388,14.13125,7.078906,5.285938,-0.649923,-0.079453,2.494985
2024-07-21 21:58:33.253,A24-0181,P1-SP1-AGT01,1024,2.803077,2.800825,14.582812,7.410938,5.069453,-0.563991,-0.003866,2.643858
2024-07-22 21:49:52.771,A24-0182,P1-SP2-AGT01,1024,2.741773,2.736683,14.463281,7.317969,5.131875,-0.452407,-0.087567,2.669065
2024-07-23 21:41:12.289,A24-0183,P1-SP1-AGT01,1024,2.73738,2.735233,14.622656,7.357812,5.058164,-0.471769,-0.097984,2.687903
2024-07-24 21:32:31.807,A24-0184,P1-SP2-AGT01,1024,2.708365,2.704729,14.117969,7.132031,5.217539,-0.436561,-0.08021,2.633335
2024-07-25 21:23:51.325,A24-0185,P1-SP1-AGT01,1024,2.578512,2.575484,14.476562,7.33125,4.752695,-0.381223,-0.062009,2.84321
2024-07-26 21:15:10.843,A24-0186,P1-SP2-AGT01,1024,2.773386,2.772077,14.675781,7.384375,4.983789,-0.585094,-0.055102,2.662585
2024-07-27 21:06:30.361,A24-0187,P1-SP1-AGT01,1024,0.177523,0.0509,0.296094,0.358594,0.278906,0.912985,-1.242998,2.019987
2024-07-28 20:57:49.879,A24-0188,P1-SP2-AGT01,1024,2.775113,2.773775,14.516406,7.278125,5.536289,-0.413036,-0.025833,2.622641
2024-07-29 20:49:09.398,A24-0189,P1-SP1-AGT01,1024,2.715344,2.713451,14.396875,7.238281,5.092031,-0.468378,-0.047745,2.665696
2024-07-30 20:40:28.916,A24-0190,P1-SP2-AGT01,1024,2.663973,2.662075,14.264062,7.132031,4.850977,-0.446572,-0.030074,2.677216
2024-07-31 20:31:48.434,A24-0191,P1-SP1-AGT01,1024,2.675817,2.672519,14.689062,7.424219,4.955234,-0.416074,-0.117796,2.774561
2024-08-01 20:23:07.952,A24-0192,P1-SP2-AGT01,1024,2.855545,2.852762,14.264062,7.225,5.416758,-0.532606,-0.082601,2.530165
2024-08-02 20:14:27.470,A24-0193,P1-SP1-AGT01,1024,2.868551,2.865381,14.317187,7.238281,5.523008,-0.510431,-0.080808,2.523324
2024-08-03 20:05:46.988,A24-0194,P1-SP2-AGT01,1024,2.689635,2.686093,14.357031,7.198437,4.894805,-0.51345,-0.058152,2.676363
2024-08-04 19:57:06.506,A24-0195,P1-SP1-AGT01,1024,2.97647,2.9753,15.9125,8.060156,5.80168,-0.336257,-0.075252,2.707958
2024-08-05 19:48:26.024,A24-0196,P1-SP2-AGT01,1024,2.701458,2.697084,15.660156,7.941406,5.176016,-0.024632,-0.071903,2.939674
2024-08-06 19:39:45.542,A24-0197,P1-SP1-AGT01,1024,2.820989,2.81938,15.689844,7.985937,5.547109,-0.13464,-0.02256,2.8309
2024-08-07 19:31:05.060,A24-0198,P1-SP2-AGT01,1024,2.913939,2.909565,15.927344,8.015625,5.78832,-0.285398,-0.082778,2.750787
2024-08-08 19:22:24.578,A24-0199,P1-SP1-AGT01,1024,2.859371,2.856644,15.764062,7.985937,5.507031,-0.352166,-0.085965,2.7929
2024-08-09 19:13:44.096,A24-0200,P1-SP2-AGT01,1024,2.807513,2.801639,16.120313,8.164062,5.394219,-0.123207,-0.148111,2.907934
2024-08-10 19:05:03.614,A24-0201,P1-SP1-AGT01,1024,2.954071,2.95194,15.882812,7.95625,6.057734,-0.101788,-0.022982,2.693317
2024-08-11 18:56:23.132,A24-0202,P1-SP2-AGT01,1024,2.885377,2.883188,16.120312,8.178906,5.386055,-0.235783,-0.083521,2.834605
2024-08-13 18:39:02.169,A24-0204,P1-SP2-AGT01,1024,0.179088,0.048722,0.251563,0.345313,0.278906,0.825413,-1.321392,1.928176
2024-08-14 18:30:21.687,A24-0205,P1-SP1-AGT01,1024,2.850461,2.848454,15.689844,7.926562,5.749727,-0.166495,-0.066461,2.7808
2024-08-15 18:21:41.205,A24-0206,P1-SP2-AGT01,1024,2.912752,2.909314,16.060938,8.089844,5.848437,-0.203232,-0.074368,2.777389
2024-08-16 18:13:00.723,A24-0207,P1-SP1-AGT01,1024,2.900105,2.896953,15.704687,7.882031,5.68293,-0.244132,-0.006579,2.717844
2024-08-17 18:04:20.241,A24-0208,P1-SP2-AGT01,1024,2.825391,2.823558,15.867969,7.971094,5.44543,-0.089782,-0.041613,2.821236
2024-08-18 17:55:39.759,A24-0209,P1-SP1-AGT01,1024,2.894924,2.8921,16.090625,8.104687,5.727461,-0.219795,-0.065644,2.79962
2024-08-19 17:46:59.277,A24-0210,P1-SP2-AGT01,1024,2.699603,2.69802,15.867969,8.015625,5.131484,0.023072,-0.018673,2.969187
2024-08-20 17:38:18.795,A24-0211,P1-SP1-AGT01,1024,3.08026,3.077702,15.986719,8.015625,6.143086,-0.31436,-0.009858,2.602256
2024-08-21 17:29:38.313,A24-0212,P1-SP2-AGT01,1024,2.958509,2.95414,16.105469,8.104687,5.878125,-0.208918,-0.055451,2.73945
2024-08-22 17:20:57.831,A24-0213,P1-SP1-AGT01,1024,2.89498,2.893823,15.719531,8.000781,5.668086,-0.162723,-0.014328,2.763674
2024-08-23 17:12:17.349,A24-0214,P1-SP2-AGT01,1024,2.97955,2.976489,15.853125,7.926562,6.072578,-0.240877,-0.113787,2.660322
2024-08-24 17:03:36.867,A24-0215,P1-SP1-AGT01,1024,2.870445,2.867696,16.135156,8.104687,5.610195,-0.085379,-0.062667,2.823495
2024-08-25 16:54:56.385,A24-0216,P1-SP2-AGT01,1024,2.912008,2.908226,16.001562,8.045312,6.05625,-0.103301,-0.075775,2.762806
2024-08-26 16:46:15.904,A24-0217,P1-SP1-AGT01,1024,2.9141,2.910223,15.764062,7.911719,5.578281,-0.335741,-0.004549,2.714978
2024-08-27 16:37:35.422,A24-0218,P1-SP2-AGT01,1024,2.899796,2.895429,16.669531,8.475781,5.829141,0.015575,-0.096032,2.922889
2024-08-28 16:28:54.940,A24-0219,P1-SP1-AGT01,1024,2.879723,2.877988,16.075781,8.178906,5.767539,-0.026125,0.010882,2.840171
2024-08-29 16:20:14.458,A24-0220,P1-SP2-AGT01,1024,2.676037,2.670914,16.164844,8.238281,5.014961,-0.100449,-0.15614,3.078538
2024-08-30 16:11:33.976,A24-0221,P1-SP1-AGT01,1024,0.175619,0.045635,0.246094,0.332031,0.265625,0.533392,-1.311134,1.890633
2024-08-31 16:02:53.494,A24-0222,P1-SP2-AGT01,1024,2.786172,2.783967,15.942187,8.060156,5.43875,0.001502,-0.071401,2.892914
2024-09-01 15:54:13.012,A24-0223,P1-SP1-AGT01,1024,2.853079,2.851762,15.79375,7.971094,5.605742,-0.153594,-0.014217,2.793857
2024-09-02 15:45:32.530,A24-0224,P1-SP2-AGT01,1024,2.817177,2.813514,15.986719,8.119531,5.57457,-0.135881,-0.135418,2.882152
2024-09-03 15:36:52.048,A24-0225,P1-SP1-AGT01,1024,2.789133,2.787878,16.03125,8.075,5.515195,-0.185974,-0.087793,2.895165
2024-09-05 15:19:31.084,A24-0227,P1-SP1-AGT01,1024,2.75874,2.757921,15.719531,7.896875,5.58125,-0.116708,0.044221,2.862494
2024-09-06 15:10:50.602,A24-0228,P1-SP2-AGT01,1024,2.708718,2.707793,15.897656,8.045312,5.135195,-0.148101,-0.10933,2.970155
2024-09-07 15:02:10.120,A24-0229,P1-SP1-AGT01,1024,2.756411,2.750919,15.897656,8.000781,5.553047,-0.020333,-0.108016,2.902609
2024-09-08 14:53:29.638,A24-0230,P1-SP2-AGT01,1024,2.776624,2.772632,16.26875,8.178906,5.267305,-0.192546,-0.048458,2.94563
2024-09-09 14:44:49.157,A24-0231,P1-SP1-AGT01,1024,2.808284,2.803489,16.090625,8.3125,5.621328,-0.12,-0.053828,2.959992
2024-09-10 14:36:08.675,A24-0232,P1-SP2-AGT01,1024,2.848602,2.846825,16.179688,8.178906,5.729687,-0.038176,-0.02293,2.8712
2024-09-11 14:27:28.193,A24-0233,P1-SP1-AGT01,1024,2.879305,2.877622,16.135156,8.149219,5.655469,-0.146975,-0.023926,2.830273
2024-09-12 14:18:47.711,A24-0234,P1-SP2-AGT01,1024,2.753422,2.750364,15.986719,8.015625,5.076562,-0.170876,0.005559,2.911151
2024-09-13 14:10:07.229,A24-0235,P1-SP1-AGT01,1024,2.780047,2.775477,16.224219,8.119531,5.485508,-0.025142,-0.17338,2.920645
2024-09-14 14:01:26.747,A24-0236,P1-SP2-AGT01,1024,2.805372,2.803532,16.313281,8.178906,5.651016,0.056903,-0.119056,2.915445
2024-09-15 13:52:46.265,A24-0237,P1-SP1-AGT01,1024,0.172942,0.043689,0.198437,0.292187,0.265625,0.329392,-1.325364,1.689514
2024-09-16 13:44:05.783,A24-0238,P1-SP2-AGT01,1024,2.739946,2.734476,16.209375,8.119531,5.536719,0.050548,-0.182488,2.963391
2024-09-17 13:35:25.301,A24-0239,P1-SP1-AGT01,1024,2.851072,2.849843,15.927344,8.015625,5.729687,-0.041309,-0.05669,2.811443
2024-09-18 13:26:44.819,A24-0240,P1-SP2-AGT01,1024,2.65558,2.653838,16.001562,8.134375,5.296992,0.127773,-0.026446,3.063126
2024-09-19 13:18:04.337,A24-0241,P1-SP1-AGT01,1024,2.720797,2.718228,15.882812,8.000781,5.239844,-0.129414,-0.142478,2.940602
2024-09-20 13:09:23.855,A24-0242,P1-SP2-AGT01,1024,2.752161,2.749461,15.689844,7.896875,5.314063,-0.104485,-0.150424,2.869337
2024-09-21 13:00:43.373,A24-0243,P1-SP1-AGT01,1024,2.749897,2.74819,15.823438,7.95625,5.492188,0.051265,-0.0192,2.89329
2024-09-22 12:52:02.891,A24-0244,P1-SP2-AGT01,1024,2.784075,2.779761,16.105469,8.149219,5.707422,-0.013608,0.060773,2.927083
2024-09-23 12:43:22.410,A24-0245,P1-SP1-AGT01,1024,2.67883,2.675959,16.224219,8.134375,5.150781,0.056454,-0.008292,3.036541
2024-09-24 12:34:41.928,A24-0246,P1-SP2-AGT01,1024,2.618715,2.613715,16.046094,8.075,5.08918,-0.147474,-0.062422,3.083573
2024-09-25 12:26:01.446,A24-0247,P1-SP1-AGT01,1024,2.671335,2.666526,15.55625,7.852344,5.118867,-0.001303,-0.171792,2.939483
2024-09-26 12:17:20.964,A24-0248,P1-SP2-AGT01,1024,2.636157,2.630606,15.660156,7.852344,5.091406,-0.09342,-0.138677,2.978708
2024-09-27 12:08:40.482,A24-0249,P1-SP1-AGT01,1024,2.574729,2.569833,15.571094,7.867188,5.044648,0.150866,-0.08765,3.055541
2024-09-29 11:51:19.518,A24-0251,P1-SP1-AGT01,1024,2.533896,2.5314,16.15,8.505469,4.97043,0.202207,-0.099925,3.356677
2024-09-30 11:42:39.036,A24-0252,P1-SP2-AGT01,1024,2.539283,2.536718,15.675,7.971094,5.121094,0.184979,-0.083022,3.139112
2024-10-01 11:33:58.554,A24-0253,P1-SP1-AGT01,1024,2.505421,2.50159,15.496875,7.896875,4.819766,0.043799,-0.069329,3.151916
2024-10-02 11:25:18.072,A24-0254,P1-SP2-AGT01,1024,0.173716,0.043399,0.182812,0.292187,0.265625,0.452125,-1.355868,1.681984
2024-10-03 11:16:37.590,A24-0255,P1-SP1-AGT01,1024,2.467874,2.464842,16.105469,8.149219,4.520664,0.329628,-0.093319,3.302121
2024-10-04 11:07:57.108,A24-0256,P1-SP2-AGT01,1024,2.485731,2.481887,15.689844,7.926562,4.646094,0.157446,-0.121949,3.188826
2024-10-05 10:59:16.626,A24-0257,P1-SP1-AGT01,1024,2.429923,2.427382,16.046094,8.208594,4.720313,0.449238,-0.041288,3.37813
2024-10-06 10:50:36.145,A24-0258,P1-SP2-AGT01,1024,2.474523,2.471126,15.749219,7.896875,4.787852,0.247318,-0.12445,3.191272
2024-10-07 10:41:55.663,A24-0259,P1-SP1-AGT01,1024,2.440994,2.435952,15.452344,7.822656,4.762617,0.284079,-0.190414,3.204701
2024-10-08 10:33:15.181,A24-0260,P1-SP2-AGT01,1024,2.461489,2.459095,16.016406,8.089844,4.911055,0.56984,0.032662,3.286565
2024-10-09 10:24:34.699,A24-0261,P1-SP1-AGT01,1024,2.357609,2.353308,14.235156,7.540625,4.342344,-0.055533,-0.144728,3.198421
2024-10-10 10:15:54.217,A24-0262,P1-SP2-AGT01,1024,2.338034,2.334813,15.585938,7.941406,4.480586,0.170638,-0.077714,3.396617
2024-10-11 10:07:13.735,A24-0263,P1-SP1-AGT01,1024,2.30408,2.300718,15.571094,7.95625,4.401914,0.382133,-0.157058,3.453113
2024-10-12 09:58:33.253,A24-0264,P1-SP2-AGT01,1024,2.354463,2.352137,16.060937,8.104687,4.622344,0.671388,-0.035868,3.442265
2024-10-13 09:49:52.771,A24-0265,P1-SP1-AGT01,1024,2.379305,2.374153,16.328125,8.297656,4.406367,0.588144,-0.155692,3.487428
2024-10-20 09:32:31.807,A24-0267,P1-SP1-AGT01,1024,2.312056,2.308252,15.734375,7.971094,4.507305,0.361049,-0.08596,3.447622
2024-10-22 09:15:10.843,A24-0269,P1-SP1-AGT01,1024,2.189408,2.187247,15.31875,8.060156,4.160664,0.288073,-0.161941,3.681432
2024-10-23 09:06:30.361,A24-0270,P1-SP2-AGT01,1024,0.173214,0.044796,0.209375,0.31875,0.265625,0.579164,-1.392439,1.840205
2024-10-24 08:57:49.879,A24-0271,P1-SP1-AGT01,1024,2.354426,2.349123,16.342969,8.238281,4.639414,0.698002,-0.121391,3.499061
2024-10-25 08:49:09.398,A24-0272,P1-SP2-AGT01,1024,2.395964,2.389327,16.164844,8.19375,4.557031,0.592684,-0.097441,3.419814
2024-10-26 08:40:28.916,A24-0273,P1-SP1-AGT01,1024,2.4255,2.42239,15.704687,8.030469,4.423438,0.18205,-0.136869,3.310851
2024-10-27 08:31:48.434,A24-0274,P1-SP2-AGT01,1024,2.528344,2.52485,16.639844,8.505469,4.982305,0.353986,-0.030303,3.364047
2024-10-28 08:23:07.952,A24-0275,P1-SP1-AGT01,1024,2.384982,2.379844,15.452344,7.8375,4.406367,0.369507,-0.158365,3.286188
2024-10-29 08:14:27.470,A24-0276,P1-SP2-AGT01,1024,2.551214,2.546833,15.585937,7.822656,4.671328,-0.046407,-0.182544,3.066249
2024-10-30 08:05:46.988,A24-0277,P1-SP1-AGT01,1024,2.273116,2.267237,15.79375,8.060156,4.291328,0.438956,-0.084566,3.545862
2024-10-31 07:57:06.506,A24-0278,P1-SP2-AGT01,1024,2.223608,2.218586,15.08125,7.659375,4.123984,0.420111,-0.144683,3.44457
2024-11-01 07:48:26.024,A24-0279,P1-SP1-AGT01,1024,2.428881,2.423016,16.550781,8.43125,4.482812,0.441924,-0.137748,3.471249
2024-11-02 07:39:45.542,A24-0280,P1-SP2-AGT01,1024,2.38078,2.376166,15.422656,8.119531,4.85168,0.400579,-0.069943,3.41045
2024-11-03 07:31:05.060,A24-0281,P1-SP1-AGT01,1024,2.547593,2.544874,16.446875,8.446094,5.029805,0.446172,0.015391,3.315323
2024-11-04 07:22:24.578,A24-0282,P1-SP2-AGT01,1024,2.456443,2.451051,15.778906,7.926562,4.666875,0.296742,-0.206143,3.226846
2024-11-05 07:13:44.096,A24-0283,P1-SP1-AGT01,1024,2.406335,2.401579,15.927344,8.119531,4.550352,0.265027,-0.155345,3.374231
2024-11-06 07:05:03.614,A24-0284,P1-SP2-AGT01,1024,2.353808,2.349771,15.645312,7.985937,4.421211,0.453838,-0.15791,3.392773
2024-11-07 06:56:23.132,A24-0285,P1-SP1-AGT01,1024,2.360098,2.355056,15.867969,8.19375,4.493203,0.243452,-0.166338,3.471783
2024-11-08 06:47:42.651,A24-0286,P1-SP2-AGT01,1024,2.390557,2.387678,15.942187,8.149219,4.463516,0.357093,-0.078847,3.408921
2024-11-09 06:39:02.169,A24-0287,P1-SP1-AGT01,1024,0.173205,0.04421,0.182812,0.292187,0.265625,0.308543,-1.327948,1.68695
2024-11-10 06:30:21.687,A24-0288,P1-SP2-AGT01,1024,2.461505,2.460214,15.778906,8.000781,4.953359,0.234765,-0.028618,3.250361
2024-11-11 06:21:41.205,A24-0289,P1-SP1-AGT01,1024,2.473998,2.466352,16.521094,8.490625,5.081758,0.409931,-0.142496,3.431945
2024-11-12 06:13:00.723,A24-0290,P1-SP2-AGT01,1024,2.279546,2.27572,14.977344,7.614844,4.346992,0.160707,-0.037216,3.340509
2024-11-13 06:04:20.241,A24-0291,P1-SP1-AGT01,1024,2.272603,2.26637,15.838281,7.95625,4.123984,0.555867,-0.201546,3.500941
2024-11-15 05:46:59.277,A24-0293,P1-SP1-AGT01,1024,2.284968,2.276533,15.214844,7.926562,4.404141,0.430434,-0.147026,3.469003
2024-11-16 05:38:18.795,A24-0294,P1-SP2-AGT01,1024,2.364425,2.359453,16.075781,8.223437,4.361836,0.317367,-0.136244,3.477986
2024-11-17 05:29:38.313,A24-0295,P1-SP1-AGT01,1024,2.37175,2.366461,16.060938,8.164062,4.433828,0.156841,-0.053856,3.44221
2024-11-18 05:20:57.831,A24-0296,P1-SP2-AGT01,1024,2.38654,2.383963,16.432031,8.282813,4.675781,0.620728,-0.092508,3.470636
2024-11-19 05:12:17.349,A24-0297,P1-SP1-AGT01,1024,2.391124,2.386176,15.971875,8.089844,4.542187,0.413698,-0.13389,3.38328
2024-11-20 05:03:36.867,A24-0298,P1-SP2-AGT01,1024,2.480726,2.475824,16.105469,8.208594,4.75,0.372219,-0.179527,3.308949
2024-11-21 04:54:56.385,A24-0299,P1-SP1-AGT01,1024,2.273287,2.269286,15.214844,8.045312,4.224922,0.495241,-0.113289,3.539066
2024-11-22 04:46:15.904,A24-0300,P1-SP2-AGT01,1024,2.328921,2.324696,15.229687,7.911719,4.450898,0.301642,0.026964,3.397161
2024-11-23 04:37:35.422,A24-0301,P1-SP1-AGT01,1024,2.3037,2.296897,15.719531,7.95625,4.275,0.430659,-0.236087,3.453683
2024-11-24 04:28:54.940,A24-0302,P1-SP2-AGT01,1024,2.496987,2.49037,16.898438,8.613281,4.816055,0.663205,-0.182964,3.44947
2024-11-25 04:20:14.458,A24-0303,P1-SP1-AGT01,1024,2.465514,2.461857,17.259375,8.646094,4.741406,1.073416,-0.196289,3.506812
2024-11-26 04:11:33.976,A24-0304,P1-SP2-AGT01,1024,0.174368,0.044907,0.222656,0.332031,0.265625,0.45992,-1.360505,1.904199
2024-11-27 04:02:53.494,A24-0305,P1-SP1-AGT01,1024,2.542787,2.538206,17.177344,8.596875,5.001445,0.620273,-0.177148,3.380886
2024-11-28 03:54:13.012,A24-0306,P1-SP2-AGT01,1024,2.432138,2.428403,16.701563,8.695312,4.985039,0.914762,-0.167672,3.575173
2024-11-29 03:45:32.530,A24-0307,P1-SP1-AGT01,1024,2.512561,2.50573,17.357813,8.695312,4.788164,0.678339,-0.186127,3.460737
2024-11-30 03:36:52.048,A24-0308,P1-SP2-AGT01,1024,2.515914,2.511814,17.554688,9.203906,4.898086,0.85682,0.072685,3.658275
2024-12-01 03:28:11.566,A24-0309,P1-SP1-AGT01,1024,2.606043,2.599699,17.357813,8.695312,5.376328,0.819418,-0.145004,3.336596
2024-12-02 03:19:31.084,A24-0310,P1-SP2-AGT01,1024,2.514332,2.508593,17.571094,8.842969,5.010469,0.833039,-0.170757,3.517025
2024-12-03 03:10:50.602,A24-0311,P1-SP1-AGT01,1024,2.580955,2.57198,17.259375,8.826562,5.299219,0.662279,-0.217264,3.419882
2024-12-04 03:02:10.120,A24-0312,P1-SP2-AGT01,1024,2.616321,2.611427,17.85,8.925,5.195039,0.413613,-0.213587,3.411278
2024-12-05 02:53:29.638,A24-0313,P1-SP1-AGT01,1024,2.719941,2.716546,17.997656,9.1875,5.186016,0.334789,-0.12154,3.377831
2024-12-06 02:44:49.157,A24-0314,P1-SP2-AGT01,1024,2.677554,2.674733,17.620313,8.990625,5.523984,0.417483,-0.035826,3.357776
2024-12-08 02:27:28.193,A24-0316,P1-SP2-AGT01,1024,2.726616,2.720783,18.145312,9.154687,5.341055,0.440568,-0.048135,3.357528
2024-12-09 02:18:47.711,A24-0317,P1-SP1-AGT01,1024,2.87104,2.867649,17.423437,8.760938,5.676563,0.203903,-0.1028,3.051485
2024-12-10 02:10:07.229,A24-0318,P1-SP2-AGT01,1024,2.793468,2.787987,17.98125,9.089063,5.542852,0.670501,-0.124359,3.253684
2024-12-11 02:01:26.747,A24-0319,P1-SP1-AGT01,1024,2.752337,2.748227,17.210156,8.629688,5.395195,0.449161,-0.167289,3.135404
2024-12-12 01:52:46.265,A24-0320,P1-SP2-AGT01,1024,0.174646,0.044768,0.196094,0.305469,0.265625,0.363808,-1.350333,1.74907
2024-12-13 01:44:05.783,A24-0321,P1-SP1-AGT01,1024,2.759294,2.756481,17.341406,8.760938,5.38125,0.310112,-0.086224,3.175065
2024-12-14 01:35:25.301,A24-0322,P1-SP2-AGT01,1024,2.770523,2.766632,17.571094,8.859375,5.69707,0.257085,-0.119339,3.197726
2024-12-15 01:26:44.819,A24-0323,P1-SP1-AGT01,1024,2.850686,2.848386,17.751562,8.892188,5.814375,0.403696,-0.124016,3.119314
2024-12-16 01:18:04.337,A24-0324,P1-SP2-AGT01,1024,2.695983,2.693164,17.669531,8.957813,5.141719,0.590458,-0.125141,3.322651
2024-12-17 01:09:23.855,A24-0325,P1-SP1-AGT01,1024,2.810689,2.805607,17.407031,8.777344,5.5125,0.415851,-0.045305,3.122844
2024-12-18 01:00:43.373,A24-0326,P1-SP2-AGT01,1024,2.82152,2.818626,17.308594,8.744531,5.966953,0.371776,-0.046408,3.099227
2024-12-19 00:52:02.891,A24-0327,P1-SP1-AGT01,1024,2.740583,2.735481,16.734375,8.875781,5.807812,0.414432,-0.218726,3.238648
2024-12-20 00:43:22.410,A24-0328,P1-SP2-AGT01,1024,2.665167,2.663392,17.521875,8.79375,5.348438,0.319471,-0.016018,3.299511
2024-12-21 00:34:41.928,A24-0329,P1-SP1-AGT01,1024,2.669971,2.664838,16.832813,8.564063,5.430469,0.220995,-0.131598,3.207549
2024-12-22 00:26:01.446,A24-0330,P1-SP2-AGT01,1024,2.615447,2.612605,17.160938,8.613281,5.322187,0.700673,-0.015096,3.293235
2024-12-23 00:17:20.964,A24-0331,P1-SP1-AGT01,1024,2.66892,2.662376,17.948438,9.023438,5.526445,0.796678,-0.203116,3.380933
2024-12-24 00:08:40.482,A24-0332,P1-SP2-AGT01,1024,2.714893,2.708736,17.882813,8.957813,5.505117,0.778203,-0.208758,3.299509
